"Артикул","Тип","Имя","Короткое описание","Опубликован","Видимость в каталоге","В наличии?","Запасы","Базовая цена","Длина (cm)","Ширина (cm)","Высота (cm)","Разрешить обзоры от клиентов?","Изображения","Категории","Метки","Имя атрибута 2","Значение(-я) аттрибута(-ов) 2"
244990,simple,"ДИНОЗАВР, ХОДИТ, ДВИГ","ДИНОЗАВР, ХОДИТ, ДВИГАЕТ ГОЛОВОЙ",1,visible,1,1,1316,15,32,34,1,http://img.simba-trade.ru/site1/244990_c.jpg,"Животные","Радиоуправляемые, Со светом, Со звуком, Ходит",пол,"Для девочек, Для мальчиков"
244722,simple,"ПИСТОЛЕТ","ПИСТОЛЕТ (П) С ГЛУШИТЕЛЕМ M93-16",1,visible,1,1,295,5,43,16,1,http://img.simba-trade.ru/site1/244722_c.jpg,"Оружие","",пол,"Для мальчиков"
220352,simple,"ЗЕРКАЛО, С АКСЕСС.","ЗЕРКАЛО, С АКСЕСС.",1,visible,1,1,914,39,43,26,1,http://img.simba-trade.ru/site1/220352_c.jpg,"Другое","На батарейках, Со светом, Со звуком",пол,"Для девочек"
245561,simple,"МАШИНА ИНЕРЦ. ДЖИП С ВЕРТОЛЕТОМ НА ПРИЦЕПЕ 204A-2","МАШИНА ИНЕРЦ. ДЖИП С ВЕРТОЛЕТОМ НА ПРИЦЕПЕ 204A-2",1,visible,1,1,324,16,42,16,1,http://img.simba-trade.ru/site1/245561_c.jpg,"Машинки","",пол,"Для мальчиков"
247832,simple,"ЖЕЛЕЗНАЯ ДОРОГА 'ИГРАЕМ ВМЕСТЕ' ДЛИНА ПОЛОТНА 188СМ","ЖЕЛЕЗНАЯ ДОРОГА 'ИГРАЕМ ВМЕСТЕ' ДЛИНА ПОЛОТНА 188СМ",1,visible,1,1,202,4,25,25,1,http://img.simba-trade.ru/site1/247832_c.jpg,"Железные дороги","На батарейках",пол,"Для мальчиков"
248004,simple,"ПИСТОЛЕТ (П) ЧЕРНЫЙ С ГЛУШИТЕЛЕМ","ПИСТОЛЕТ (П) ЧЕРНЫЙ С ГЛУШИТЕЛЕМ, С ПУЛЬКАМИ 669-1 В ПАК.",1,visible,1,1,131,3,19,14,1,http://img.simba-trade.ru/site1/248004_c.jpg,"Оружие","",пол,"Для мальчиков"
227867,simple,"РОБОТ, ХОДИТ","РОБОТ, ХОДИТ",1,visible,1,1,523,11,28,20,1,http://img.simba-trade.ru/site1/227867_c.jpg,"Роботы","На батарейках, Со светом, Со звуком, Ходит",пол,"Для мальчиков"
247833,simple,"РОБОТ-МАШИНА ПОЛИЦИЯ  1201","РОБОТ-МАШИНА ПОЛИЦИЯ  1201",1,visible,1,1,521,13,26,12,1,http://img.simba-trade.ru/site1/247833_c.jpg,"Машинки","На батарейках, Со светом, Со звуком",пол,"Для мальчиков"
247898,simple,"ДЖИП","ДЖИП",1,visible,1,1,940,17,34,17,1,http://img.simba-trade.ru/site1/247898_c.jpg,"Машинки, Джипы","Радиоуправляемые, На аккумуляторах, Со светом",пол,"Для мальчиков"
247894,simple,"КУКЛА 29СМ С НАБОРОМ ОДЕЖДЫ И АКСЕСС.","КУКЛА 29СМ С НАБОРОМ ОДЕЖДЫ И АКСЕСС.",1,visible,1,1,155,5,26,33,1,http://img.simba-trade.ru/site1/247894_c.jpg,"Куклы","",пол,"Для девочек"
247897,simple,"КУКЛА 29СМ С КРЫЛЬЯМИ","КУКЛА 29СМ С КРЫЛЬЯМИ, С АКСЕСС.",1,visible,1,1,198,26,14,5,1,http://img.simba-trade.ru/site1/247897_c.jpg,"Куклы","",пол,"Для девочек"
247900,simple,"НАБОР ИЗ 2-Х КУКОЛ 29СМ С АКСЕСС.","НАБОР ИЗ 2-Х КУКОЛ 29СМ С АКСЕСС.",1,visible,1,1,97,33,13,4,1,http://img.simba-trade.ru/site1/247900_c.jpg,"Куклы","",пол,"Для девочек"
247956,simple,"ЖЕЛЕЗНАЯ ДОРОГА С ДЫМОМ V8088","ЖЕЛЕЗНАЯ ДОРОГА С ДЫМОМ V8088",1,visible,1,1,839,7,56,36,1,http://img.simba-trade.ru/site1/247956_c.jpg,"Железные дороги","На батарейках",пол,"Для мальчиков"
247957,simple,"ВЕРТОЛЕТ, USB З/У M5","ВЕРТОЛЕТ, USB З/У M5",1,visible,1,1,1564,19,48,9,1,http://img.simba-trade.ru/site1/247957_c.jpg,"Вертолеты","Радиоуправляемые, Со светом",пол,"Для мальчиков"
247960,simple,"ПИСТОЛЕТ ОЗВУЧ., С МЯГК","ПИСТОЛЕТ ОЗВУЧ., С МЯГКИМИ ПУЛЯМИ XMY7024",1,visible,1,1,1405,13,50,25,1,http://img.simba-trade.ru/site1/247960_c.jpg,"Оружие","На батарейках",пол,"Для мальчиков"
247962,simple,"МАШИНА 1630-3A","МАШИНА 1630-3A",1,visible,1,1,874,20,35,18,1,http://img.simba-trade.ru/site1/247962_c.jpg,"Машинки","Радиоуправляемые, На аккумуляторах, Со светом",пол,"Для мальчиков"
247963,simple,"МАШИНА, ОТКРЫВ. ДВЕРИ","МАШИНА, ОТКРЫВ. ДВЕРИ",1,visible,1,1,1410,23,44,21,1,http://img.simba-trade.ru/site1/247963_c.jpg,"Машинки","Радиоуправляемые, На аккумуляторах, Со светом",пол,"Для мальчиков"
247993,simple,"МАШИНА","МАШИНА",1,visible,1,1,1024,19,42,13,1,http://img.simba-trade.ru/site1/247993_c.jpg,"Машинки","Радиоуправляемые, На аккумуляторах, Со светом",пол,"Для мальчиков"
211727,simple,"МАШИНА СТРОИТ. ТЕХНИКА","МАШИНА СТРОИТ. ТЕХНИКА",1,visible,1,1,1159,21,38,13,1,http://img.simba-trade.ru/site1/211727_c.jpg,"Машинки","Радиоуправляемые, На аккумуляторах, Со светом",пол,"Для мальчиков"
247532,simple,"МАШИНА","МАШИНА  688-4",1,visible,1,1,278,9,17,11,1,http://img.simba-trade.ru/site1/247532_c.jpg,"Машинки","На батарейках, Со светом, Со звуком",пол,"Для мальчиков"
247835,simple,"ПУПС ФУНКЦ.","ПУПС ФУНКЦ., ПЬЕТ И ПИСАЕТ, С АКСЕСС.",1,visible,1,1,527,12,22,25,1,http://img.simba-trade.ru/site1/247835_c.jpg,"Куклы","",пол,"Для девочек"
247895,simple,"МАШИНА","МАШИНА",1,visible,1,1,858,16,26,17,1,http://img.simba-trade.ru/site1/247895_c.jpg,"Машинки","Радиоуправляемые, На аккумуляторах, Со светом",пол,"Для мальчиков"
247959,simple,"ПИСТОЛЕТ С ЛАЗЕР. ПРИЦЕЛОМ","ПИСТОЛЕТ С ЛАЗЕР. ПРИЦЕЛОМ, С МЯГКИМИ ПУЛЯМИ НА ПРИСОСКАХ",1,visible,1,1,403,20,34,6,1,http://img.simba-trade.ru/site1/247959_c.jpg,"Оружие","",пол,"Для мальчиков"
247961,simple,"ТРЕК ГОНОЧНЫЙ С МАШИНКАМИ 589-40A","ТРЕК ГОНОЧНЫЙ С МАШИНКАМИ 589-40A",1,visible,1,1,906,5,61,44,1,http://img.simba-trade.ru/site1/247961_c.jpg,"Машинки","На батарейках",пол,"Для мальчиков"
248003,simple,"МАШИНА-АКУЛА","МАШИНА-АКУЛА KD-8815C",1,visible,1,1,278,19,21,11,1,http://img.simba-trade.ru/site1/248003_c.jpg,"Машинки","",пол,"Для мальчиков"
229327,simple,"РОБОТ-МАШИНА","РОБОТ-МАШИНА С АКСЕСС. L015-19",1,visible,1,1,461,10,28,29,1,http://img.simba-trade.ru/site1/229327_c.jpg,"Машинки","",пол,"Для мальчиков"
242880,simple,"ИГРОВОЙ НАБОР КУХНЯ, С АКСЕСС. 008-2","ИГРОВОЙ НАБОР КУХНЯ, С АКСЕСС. 008-26",1,visible,1,1,1484,9,60,44,1,http://img.simba-trade.ru/site1/242880_c.jpg,"Другое","На батарейках, Со светом, Со звуком",пол,"Для девочек"
228241,simple,"ИГРА","ИГРА НАСТОЛЬНАЯ ХОККЕЙ 662",1,visible,1,1,581,6,52,29,1,http://img.simba-trade.ru/site1/228241_c.jpg,"Настольные игры","",пол,"Для девочек, Для мальчиков"
247892,simple,"ТАНК","ТАНК  5892-A/5893-A",1,visible,1,1,792,17,30,16,1,http://img.simba-trade.ru/site1/247892_c.jpg,"Танки","Радиоуправляемые, На аккумуляторах, Со светом, Со звуком",пол,"Для мальчиков"
236359,simple,"ПАРКОВКА ДЛЯ ПОЛИЦИИ","ПАРКОВКА ДЛЯ ПОЛИЦИИ, С МАШИНКАМИ И АКСЕСС. Y313",1,visible,1,1,667,31,52,8,1,http://img.simba-trade.ru/site1/236359_c.jpg,"Машинки","Со светом, Со звуком",пол,"Для мальчиков"
237830,simple,"НАБОР ПОСУДЫ И ПРОДУКТОВ","НАБОР ПОСУДЫ И ПРОДУКТОВ",1,visible,1,1,168,6,34,43,1,http://img.simba-trade.ru/site1/237830_c.jpg,"Другое","",пол,"Для девочек"
247992,simple,"ИГРА","ИГРА НАСТОЛЬНАЯ ФУТБОЛ 08-09G",1,visible,1,1,337,7,34,34,1,http://img.simba-trade.ru/site1/247992_c.jpg,"Настольные игры","",пол,"Для мальчиков"
228829,simple,"МАШИНА ПОЛИЦИЯ","МАШИНА ПОЛИЦИЯ",1,visible,1,1,751,17,34,17,1,http://img.simba-trade.ru/site1/228829_c.jpg,"Машинки","Радиоуправляемые, Со светом",пол,"Для мальчиков"
247890,simple,"ДЖИП СПОРТ 'ТРОФИ', ОТКРЫВ. ДВЕРИ 9019","ДЖИП СПОРТ 'ТРОФИ', ОТКРЫВ. ДВЕРИ 9019",1,visible,1,1,2273,25,53,24,1,http://img.simba-trade.ru/site1/247890_c.jpg,"Машинки, Джипы","Радиоуправляемые, На аккумуляторах, Со светом",пол,"Для мальчиков"
238251,simple,"ВНЕДОРОЖНИК","ВНЕДОРОЖНИК",1,visible,1,1,1234,20,36,18,1,http://img.simba-trade.ru/site1/238251_c.jpg,"Другое","Радиоуправляемые, На аккумуляторах",пол,"Для мальчиков"
246715,simple,"ПАРКОВКА ПОЖАРНАЯ СТАНЦИЯ С МАШИНКАМИ И ВЕРТОЛЕТОМ","ПАРКОВКА ПОЖАРНАЯ СТАНЦИЯ С МАШИНКАМИ И ВЕРТОЛЕТОМ, 660-A34",1,visible,1,1,719,7,40,30,1,http://img.simba-trade.ru/site1/246715_c.jpg,"Машинки","",пол,"Для мальчиков"
247840,simple,"НАБОР ПОСУДЫ","НАБОР ПОСУДЫ",1,visible,1,1,233,6,28,20,1,http://img.simba-trade.ru/site1/247840_c.jpg,"Другое","",пол,"Для девочек"
205216,simple,"ДРЕЛЬ СО ЗВУКОМ, С НАСА","ДРЕЛЬ СО ЗВУКОМ, С НАСАДКАМИ",1,visible,1,1,249,8,24,22,1,http://img.simba-trade.ru/site1/205216_c.jpg,"Другое","На батарейках",пол,"Для мальчиков"
204549,simple,"КРОВАТКА ДЛЯ КУКОЛ","КРОВАТКА ДЛЯ КУКОЛ, С ПУПСОМ И АКСЕСС. 525-E",1,visible,1,1,403,7,29,23,1,http://img.simba-trade.ru/site1/204549_c.jpg,"Куклы","",пол,"Для девочек"
242555,simple,"ТРАКТОР 5288-4","ТРАКТОР 5288-4",1,visible,1,1,1020,13,38,28,1,http://img.simba-trade.ru/site1/242555_c.jpg,"Машинки","Радиоуправляемые",пол,"Для мальчиков"
245132,simple,"МАШИНА","МАШИНА",1,visible,1,2,338,11,22,8,1,http://img.simba-trade.ru/site1/245132_c.jpg,"Машинки","Радиоуправляемые",пол,"Для мальчиков"
247859,simple,"МАШИНА","МАШИНА",1,visible,1,1,742,14,25,17,1,http://img.simba-trade.ru/site1/247859_c.jpg,"Машинки","Радиоуправляемые, На аккумуляторах, Со светом",пол,"Для мальчиков"
247889,simple,"МАШИНА","МАШИНА",1,visible,1,1,234,5,20,29,1,http://img.simba-trade.ru/site1/247889_c.jpg,"Машинки","Радиоуправляемые",пол,"Для мальчиков"
247857,simple,"МАШИНА ","МАШИНА ",1,visible,1,1,903,17,34,17,1,http://img.simba-trade.ru/site1/247857_c.jpg,"Машинки","Радиоуправляемые, На аккумуляторах, Со светом, Со звуком",пол,"Для мальчиков"
197167,simple,"РОБОТ 'ИГРАЕМ ВМЕСТЕ', РУССИФИЦ., ","РОБОТ 'ИГРАЕМ ВМЕСТЕ', РУССИФИЦ., И/К ПУЛЬТ 28085",1,visible,1,1,1259,16,23,32,1,http://img.simba-trade.ru/site1/197167_c.jpg,"Роботы","Радиоуправляемые, Со светом, Со звуком",пол,"Для мальчиков"
247873,simple,"МАШИНА","МАШИНА САМОСВАЛ В 912",1,visible,1,1,424,10,29,17,1,http://img.simba-trade.ru/site1/247873_c.jpg,"Машинки","Радиоуправляемые",пол,"Для мальчиков"
247328,simple,"МАШИНА","МАШИНА",1,visible,1,1,489,11,25,14,1,http://img.simba-trade.ru/site1/247328_c.jpg,"Машинки","Радиоуправляемые",пол,"Для мальчиков"
234021,simple,"МАШИНА","МАШИНА",1,visible,1,1,4115,12,33,14,1,http://img.simba-trade.ru/site1/234021_c.jpg,"Машинки","Радиоуправляемые, На аккумуляторах, Со светом",пол,"Для мальчиков"
224041,simple,"МАШИНА ДЖИП НА АККУМ","МАШИНА ДЖИП НА АККУМ",1,visible,1,1,1029,17,32,17,1,http://img.simba-trade.ru/site1/224041_c.jpg,"Машинки","Радиоуправляемые, На аккумуляторах, Со светом",пол,"Для мальчиков"
233830,simple,"МАШИНА ","МАШИНА ",1,visible,1,1,1251,17,45,19,1,http://img.simba-trade.ru/site1/233830_c.jpg,"Машинки","Радиоуправляемые, На аккумуляторах, Со светом, Со звуком",пол,"Для мальчиков"
193807,simple,"МАШИНА 'ТЕХНОПАРК' УАЗ HUNTER ДПС 1:24, ","МАШИНА 'ТЕХНОПАРК' УАЗ HUNTER ДПС 1:24, ОТКРЫВ. ДВЕРИ",1,visible,1,1,983,13,28,13,1,http://img.simba-trade.ru/site1/193807_c.jpg,"Машинки","Радиоуправляемые, Со светом, Со звуком",пол,"Для мальчиков"
247842,simple,"МАШИНА ДЖИП","МАШИНА ДЖИП",1,visible,1,1,638,15,26,15,1,http://img.simba-trade.ru/site1/247842_c.jpg,"Машинки","Радиоуправляемые, На аккумуляторах",пол,"Для мальчиков"
247828,simple,"МАШИНА","МАШИНА",1,visible,1,1,728,18,34,18,1,http://img.simba-trade.ru/site1/247828_c.jpg,"Машинки","Радиоуправляемые, Со светом",пол,"Для мальчиков"
247829,simple,"ДЖИП 'BUGATI', БЕЛЫЙ, ","ДЖИП 'BUGATI', БЕЛЫЙ, 100*61*51СМ, 6V4.5AH*2, 25W*2, 3КМ/ЧАС ДО 30КГ",1,visible,1,1,11677,51,100,61,1,http://img.simba-trade.ru/site1/247829_c.jpg,"Машинки, Джипы","Радиоуправляемые, На аккумуляторах",пол,"Для мальчиков"
229289,simple,"КВАДРОКОПТЕР, С USB ЗАРЯД","КВАДРОКОПТЕР, С USB ЗАРЯДКОЙ HX753",1,visible,1,4,6833,5,20,13,1,http://img.simba-trade.ru/site1/229289_c.jpg,"Вертолеты, квадрокоптеры","Радиоуправляемые, Со светом, Со звуком",пол,"Для мальчиков"
233442,simple,"МАШИНА","МАШИНА",1,visible,1,2,1655,17,43,19,1,http://img.simba-trade.ru/site1/233442_c.jpg,"Машинки","Радиоуправляемые, На аккумуляторах, Со светом",пол,"Для мальчиков"
247472,simple,"РОБОТ-ДЖИП","РОБОТ-ДЖИП  9808-BB9",1,visible,1,1,3064,23,34,25,1,http://img.simba-trade.ru/site1/247472_c.jpg,"Машинки, Джипы","Радиоуправляемые, На аккумуляторах, Со светом, Со звуком",пол,"Для мальчиков"
247535,simple,"ЖЕЛЕЗНАЯ ДОРОГА С ДЫМОМ, ДЛИН","ЖЕЛЕЗНАЯ ДОРОГА С ДЫМОМ, ДЛИНА ПОЛОТНА 340СМ 78",1,visible,1,1,998,8,43,31,1,http://img.simba-trade.ru/site1/247535_c.jpg,"Железные дороги","На батарейках, Со светом, Со звуком",пол,"Для мальчиков"
226584,simple,"МАШИНА ","МАШИНА ",1,visible,1,1,1984,7,8,26,1,http://img.simba-trade.ru/site1/226584_c.jpg,"Машинки","Радиоуправляемые, На аккумуляторах, Со светом, Со звуком",пол,"Для мальчиков"
231654,simple,"ДЖИП","ДЖИП СПОРТ. 625-3",1,visible,1,2,1577,17,32,18,1,http://img.simba-trade.ru/site1/231654_c.jpg,"Машинки, Джипы","Радиоуправляемые, На аккумуляторах, Со светом",пол,"Для мальчиков"
247372,simple,"ДЖИП","ДЖИП",1,visible,1,1,26875,34,74,34,1,http://img.simba-trade.ru/site1/247372_c.jpg,"Машинки, Джипы","Радиоуправляемые, На аккумуляторах, Со светом",пол,"Для мальчиков"
247401,simple,"МАШИНА ПОЛИЦИЯ, ","МАШИНА ПОЛИЦИЯ, ",1,visible,1,1,851,12,33,13,1,http://img.simba-trade.ru/site1/247401_c.jpg,"Машинки","Радиоуправляемые, Со светом, Со звуком",пол,"Для мальчиков"
247083,simple,"ТАНК","ТАНК  369-5",1,visible,1,1,980,13,34,14,1,http://img.simba-trade.ru/site1/247083_c.jpg,"Танки","Радиоуправляемые, На аккумуляторах, Со светом, Со звуком",пол,"Для мальчиков"
235053,simple,"МАШИНА","МАШИНА",1,visible,1,1,1145,16,39,19,1,http://img.simba-trade.ru/site1/235053_c.jpg,"Машинки","Радиоуправляемые, На аккумуляторах, Со светом",пол,"Для мальчиков"
247086,simple,"МАШИНА НА АККУМ,","МАШИНА НА АККУМ,",1,visible,1,1,1029,12,35,16,1,http://img.simba-trade.ru/site1/247086_c.jpg,"Машинки","Радиоуправляемые, На аккумуляторах, Со светом",пол,"Для мальчиков"
243033,simple,"МАШИНА","МАШИНА",1,visible,1,1,501,9,25,12,1,http://img.simba-trade.ru/site1/243033_c.jpg,"Машинки","Радиоуправляемые",пол,"Для мальчиков"
242310,simple,"МАШИНА","МАШИНА",1,visible,1,1,1071,14,29,12,1,http://img.simba-trade.ru/site1/242310_c.jpg,"Машинки","Радиоуправляемые, Со светом",пол,"Для мальчиков"
246997,simple,"МАШИНА","МАШИНА",1,visible,1,2,1071,14,29,12,1,http://img.simba-trade.ru/site1/246997_c.jpg,"Машинки","Радиоуправляемые, Со светом",пол,"Для мальчиков"
226873,simple,"КВАДРОКОПТЕР ЛЕТАЕТ","КВАДРОКОПТЕР ЛЕТАЕТ",1,visible,1,2,2407,28,51,7,1,http://img.simba-trade.ru/site1/226873_c.jpg,"Вертолеты, квадрокоптеры","Радиоуправляемые, Летает",пол,"Для мальчиков"
246770,simple,"МАШИНА","МАШИНА ДЖИП",1,visible,1,1,951,12,28,15,1,http://img.simba-trade.ru/site1/246770_c.jpg,"Машинки","Радиоуправляемые, На аккумуляторах",пол,"Для мальчиков"
246999,simple,"ТАНК-ПЕРЕВЕРТЫШ 156","ТАНК-ПЕРЕВЕРТЫШ 156",1,visible,1,1,120,9,12,8,1,http://img.simba-trade.ru/site1/246999_c.jpg,"Танки","На батарейках, Со светом",пол,"Для мальчиков"
241428,simple,"МАШИНА","МАШИНА 858-70",1,visible,1,1,412,10,22,11,1,http://img.simba-trade.ru/site1/241428_c.jpg,"Машинки","Радиоуправляемые",пол,"Для мальчиков"
246865,simple,"МАШИНА, ОТКРЫВ. ДВЕР","МАШИНА, ОТКРЫВ. ДВЕРИ",1,visible,1,1,869,14,33,16,1,http://img.simba-trade.ru/site1/246865_c.jpg,"Машинки","Радиоуправляемые, Со светом",пол,"Для мальчиков"
236657,simple,"МАШИНА-ПЕРЕВЕРТЫШ","МАШИНА-ПЕРЕВЕРТЫШ",1,visible,1,1,221,10,14,11,1,http://img.simba-trade.ru/site1/236657_c.jpg,"Машинки","На батарейках, Со светом",пол,"Для мальчиков"
244518,simple,"ЖЕЛЕЗНАЯ ДОРОГА, С АКСЕСС. 6299-","ЖЕЛЕЗНАЯ ДОРОГА, С АКСЕСС. 6299-61",1,visible,1,1,871,6,39,33,1,http://img.simba-trade.ru/site1/244518_c.jpg,"Железные дороги","На батарейках, Со светом, Со звуком",пол,"Для мальчиков"
244873,simple,"ПОНИ","ПОНИ С АКСЕСС. RW03",1,visible,1,1,236,6,18,13,1,http://img.simba-trade.ru/site1/244873_c.jpg,"Животные","",пол,"Для девочек"
246671,simple,"ТАНК-ПЕРЕВЕРТЫШ","ТАНК-ПЕРЕВЕРТЫШ",1,visible,1,1,163,9,12,9,1,http://img.simba-trade.ru/site1/246671_c.jpg,"Танки","На батарейках, Со светом",пол,"Для мальчиков"
246672,simple,"КУКЛА 29СМ","КУКЛА 29СМ, ГНУЩАЯСЯ, С АКСЕСС.",1,visible,1,1,1025,8,26,35,1,http://img.simba-trade.ru/site1/246672_c.jpg,"Куклы","",пол,"Для девочек"
246673,simple,"МАШИНА","МАШИНА ИНЕРЦ. ДЖИП",1,visible,1,1,309,13,16,11,1,http://img.simba-trade.ru/site1/246673_c.jpg,"Машинки","",пол,"Для мальчиков"
246740,simple,"НАБОР ИЗ 2-Х КУКОЛ 29СМ","НАБОР ИЗ 2-Х КУКОЛ 29СМ, ГНУЩИЕСЯ, С АКСЕСС. BLD037-3",1,visible,1,1,791,6,22,32,1,http://img.simba-trade.ru/site1/246740_c.jpg,"Куклы","",пол,"Для девочек"
243220,simple,"КУКЛА 29СМ С АКСЕСС.","КУКЛА 29СМ С АКСЕСС.",1,visible,1,1,363,6,33,18,1,http://img.simba-trade.ru/site1/243220_c.jpg,"Куклы","",пол,"Для девочек"
244343,simple,"ПОНИ","ПОНИ С АКСЕСС. 6691-2",1,visible,1,1,258,7,19,25,1,http://img.simba-trade.ru/site1/244343_c.jpg,"Животные","",пол,"Для девочек"
222813,simple,"МАШИНА-ПЕРЕВЕРТЫШ GS-90","МАШИНА-ПЕРЕВЕРТЫШ GS-90",1,visible,1,1,140,9,12,10,1,http://img.simba-trade.ru/site1/222813_c.jpg,"Машинки","На батарейках",пол,"Для мальчиков"
224142,simple,"НАБОР","НАБОР ПОСУДЫ С ПЛИТОЙ 3660",1,visible,1,1,1323,20,43,27,1,http://img.simba-trade.ru/site1/224142_c.jpg,"Другое","",пол,"Для девочек"
227868,simple,"МАШИНА-ПЕРЕВЕРТЫШ","МАШИНА-ПЕРЕВЕРТЫШ ПОЛИЦИЯ 688",1,visible,1,1,194,10,11,14,1,http://img.simba-trade.ru/site1/227868_c.jpg,"Машинки","На батарейках, Со светом",пол,"Для мальчиков"
241278,simple,"МАШИНА, ОТКРЫВ. ДВЕРИ 1988L-A1","МАШИНА, ОТКРЫВ. ДВЕРИ 1988L-A1",1,visible,1,1,1314,14,36,17,1,http://img.simba-trade.ru/site1/241278_c.jpg,"Машинки","Радиоуправляемые, На аккумуляторах, Со светом",пол,"Для мальчиков"
228640,simple,"МАШИНА-ПЕРЕВЕРТЫШ","МАШИНА-ПЕРЕВЕРТЫШ V-140",1,visible,1,1,118,9,11,9,1,http://img.simba-trade.ru/site1/228640_c.jpg,"Машинки","На батарейках, Со светом",пол,"Для мальчиков"
246510,simple,"КОНСТРУКТОР","КОНСТРУКТОР 'ГОРОД МАСТЕРОВ' СУПЕР ДЖИПЫ",1,visible,1,1,450,5,25,16,1,http://img.simba-trade.ru/site1/246510_c.jpg,"Машинки, Джипы","",пол,"Для мальчиков"
225231,simple,"РОБОТ ИСТРЕБИТЕЛЬ 5-В-1","РОБОТ ИСТРЕБИТЕЛЬ 5-В-1, С АКСЕСС.",1,visible,1,1,401,8,34,24,1,http://img.simba-trade.ru/site1/225231_c.jpg,"Роботы","",пол,"Для мальчиков"
222072,simple,"МАШИНА  YF3070A","МАШИНА  YF3070A",1,visible,1,4,398,8,19,9,1,http://img.simba-trade.ru/site1/222072_c.jpg,"Машинки","На батарейках, Со светом, Со звуком",пол,"Для мальчиков"
222073,simple,"МАШИНА ГОНОЧНАЯ, ОТКРЫВ. ДВЕРИ Y","МАШИНА ГОНОЧНАЯ, ОТКРЫВ. ДВЕРИ YF3071B",1,visible,1,8,463,8,22,10,1,http://img.simba-trade.ru/site1/222073_c.jpg,"Машинки","На батарейках, Со светом, Со звуком",пол,"Для мальчиков"
222340,simple,"ВЕРТОЛЕТ","ВЕРТОЛЕТ  8225-20",1,visible,1,1,1640,9,34,16,1,http://img.simba-trade.ru/site1/222340_c.jpg,"Вертолеты","На батарейках, Со светом, Со звуком",пол,"Для мальчиков"
220828,simple,"ИГРА","ИГРА НАСТОЛЬНАЯ БИЛЬЯРД J696E",1,visible,1,1,293,3,23,41,1,http://img.simba-trade.ru/site1/220828_c.jpg,"Настольные игры","",пол,"Для девочек, Для мальчиков"
221655,simple,"МАШИНА 'ТЕХНОПАРК' КАМАЗ. ПОЖАРНАЯ ИНЕРЦ.","МАШИНА 'ТЕХНОПАРК' КАМАЗ. ПОЖАРНАЯ ИНЕРЦ., ОТКРЫВ. ДВЕРИ",1,visible,1,1,800,12,20,35,1,http://img.simba-trade.ru/site1/221655_c.jpg,"Машинки","Со светом, Со звуком",пол,"Для мальчиков"
229488,simple,"КОНСТРУКТ","КОНСТРУКТ",1,visible,1,1,138,10,15,4,1,http://img.simba-trade.ru/site1/229488_c.jpg,"Машинки","",пол,"Для мальчиков"
229476,simple,"МАШИНА","МАШИНА ИНЕРЦ.",1,visible,1,1,1717,10,32,24,1,http://img.simba-trade.ru/site1/229476_c.jpg,"Машинки","",пол,"Для мальчиков"
229425,simple,"КОНСТРУКТ","КОНСТРУКТ",1,visible,1,1,206,14,16,5,1,http://img.simba-trade.ru/site1/229425_c.jpg,"Машинки","",пол,"Для мальчиков"
235663,simple,"МИКРОФОН 'УМКА', РУССИФИЦ","МИКРОФОН 'УМКА', РУССИФИЦ., ПЕСНИ ИЗ МУЛЬТФИЛЬМОВ",1,visible,1,1,296,6,22,17,1,http://img.simba-trade.ru/site1/235663_c.jpg,"Другое","Со светом",пол,""
241360,simple,"ГАРАЖ ПОЛИЦИЯ (2 МЕТАЛЛ. МАШИНКИ + 1 ВЕРТОЛЕТ)","ГАРАЖ ПОЛИЦИЯ (2 МЕТАЛЛ. МАШИНКИ + 1 ВЕРТОЛЕТ)",1,visible,1,1,1143,8,54,35,1,http://img.simba-trade.ru/site1/241360_c.jpg,"Машинки","",пол,"Для мальчиков"
225322,simple,"ПИАНИНО 'УМКА' РУССИФИЦ., С ПЕСН","ПИАНИНО 'УМКА' РУССИФИЦ., С ПЕСНЯМИ НА СТИХИ А.БАРТО 908-4",1,visible,1,1,216,3,24,9,1,http://img.simba-trade.ru/site1/225322_c.jpg,"Муз. инструменты","На батарейках",пол,""
213479,simple,"ТАНК","ТАНК  369-3",1,visible,1,1,980,14,34,14,1,http://img.simba-trade.ru/site1/213479_c.jpg,"Танки","Радиоуправляемые, На аккумуляторах, Со светом, Со звуком",пол,"Для мальчиков"
246604,simple,"ГРУЗОВИК, С КРАНОМ TR678-54","ГРУЗОВИК, С КРАНОМ TR678-54",1,visible,1,1,2220,24,51,16,1,http://img.simba-trade.ru/site1/246604_c.jpg,"Машинки","Радиоуправляемые, На аккумуляторах, Со светом",пол,""
246605,simple,"МАШИНА","МАШИНА ИНЕРЦ. ДЖИП",1,visible,1,1,309,13,16,11,1,http://img.simba-trade.ru/site1/246605_c.jpg,"Машинки","",пол,"Для мальчиков"
246606,simple,"КУКЛА-МАНЕКЕН Д/СОЗДАНИЯ ПРИЧЕСОК","КУКЛА-МАНЕКЕН Д/СОЗДАНИЯ ПРИЧЕСОК, С АКСЕСС.",1,visible,1,1,653,25,27,12,1,http://img.simba-trade.ru/site1/246606_c.jpg,"Куклы","",пол,"Для девочек"
245053,simple,"НАБОР","НАБОР КОСМЕТИКИ 638G НА КАРТ. 15*12*1СМ",1,visible,1,1,60,1,15,21,1,http://img.simba-trade.ru/site1/245053_c.jpg,"Другое","",пол,"Для девочек"
246600,simple,"ИГРА","ИГРА НАСТОЛЬНАЯ ФУТБОЛ 3989",1,visible,1,1,1087,7,51,30,1,http://img.simba-trade.ru/site1/246600_c.jpg,"Настольные игры","",пол,"Для мальчиков"
233688,simple,"МАШИНА ПОЛИЦИЯ","МАШИНА ПОЛИЦИЯ",1,visible,1,1,1096,18,34,17,1,http://img.simba-trade.ru/site1/233688_c.jpg,"Машинки","Радиоуправляемые, Со светом",пол,"Для мальчиков"
241276,simple,"МАШИНА","МАШИНА",1,visible,1,1,762,11,30,16,1,http://img.simba-trade.ru/site1/241276_c.jpg,"Машинки","Радиоуправляемые, На аккумуляторах, Со светом",пол,"Для мальчиков"
246597,simple,"КУКЛА-МАНЕКЕН Д/СОЗДАНИЯ ПРИЧЕСОК","КУКЛА-МАНЕКЕН Д/СОЗДАНИЯ ПРИЧЕСОК, С АКСЕСС. 005-2D",1,visible,1,1,470,11,19,25,1,http://img.simba-trade.ru/site1/246597_c.jpg,"Куклы","",пол,"Для девочек"
211620,simple,"КОНСТРУКТОР 'ГОРОД МАСТЕРОВ' ПОЛИЦЕЙСКИЙ ВЕРТОЛЕТ","КОНСТРУКТОР 'ГОРОД МАСТЕРОВ' ПОЛИЦЕЙСКИЙ ВЕРТОЛЕТ, 102ДЕТ.",1,visible,1,1,254,4,15,19,1,http://img.simba-trade.ru/site1/211620_c.jpg,"Вертолеты","",пол,"Для мальчиков"
211624,simple,"КОНСТРУКТОР 'ГОРОД МАСТЕРОВ' САМОЛЕТ 'ЛЕГКО СЛОЖИТЬ'","КОНСТРУКТОР 'ГОРОД МАСТЕРОВ' САМОЛЕТ 'ЛЕГКО СЛОЖИТЬ', 81ДЕТ.",1,visible,1,1,191,4,15,19,1,http://img.simba-trade.ru/site1/211624_c.jpg,"Машинки","",пол,"Для мальчиков"
211628,simple,"КОНСТРУКТОР 'ГОРОД МАСТЕРОВ' САМОСВАЛ 'ЛЕГКО СЛОЖИТЬ'","КОНСТРУКТОР 'ГОРОД МАСТЕРОВ' САМОСВАЛ 'ЛЕГКО СЛОЖИТЬ', 59ДЕТ.",1,visible,1,1,118,5,10,15,1,http://img.simba-trade.ru/site1/211628_c.jpg,"Машинки","",пол,"Для девочек, Для мальчиков"
212886,simple,"НАБОР ПОСУДЫ 'ИГРАЕМ ВМЕСТЕ' ПРИНЦЕССЫ","НАБОР ПОСУДЫ 'ИГРАЕМ ВМЕСТЕ' ПРИНЦЕССЫ, КЕРАМИКА 11 ПРЕДМ.",1,visible,1,1,519,5,25,21,1,http://img.simba-trade.ru/site1/212886_c.jpg,"Другое","",пол,"Для девочек"
226321,simple,"КОНСТРУКТОР","КОНСТРУКТОР 'ГОРОД МАСТЕРОВ' ГОНКА ИНЕРЦ. 'ЛЕГКО СОБРАТЬ'",1,visible,1,1,129,5,15,10,1,http://img.simba-trade.ru/site1/226321_c.jpg,"Машинки","",пол,"Для девочек, Для мальчиков"
226478,simple,"КОНСТРУКТОР","КОНСТРУКТОР 'ГОРОД МАСТЕРОВ' МАШИНКА С ПУСКОВЫМ УСТРОЙСТВОМ 'ЛЕГКО СОБРАТЬ' В КОР",1,visible,1,1,218,4,19,14,1,http://img.simba-trade.ru/site1/226478_c.jpg,"Машинки","",пол,"Для мальчиков"
233686,simple,"КОНСТРУКТОР 'ГОРОД МАСТЕРОВ' ПОЖАРНАЯ СТАНЦИЯ","КОНСТРУКТОР 'ГОРОД МАСТЕРОВ' ПОЖАРНАЯ СТАНЦИЯ, С ФИГУРКАМИ",1,visible,1,1,525,5,25,16,1,http://img.simba-trade.ru/site1/233686_c.jpg,"Машинки","",пол,"Для девочек, Для мальчиков"
233687,simple,"КОНСТРУКТОР 'ГОРОД МАСТЕРОВ' КОСМИЧЕСКИЙ ВОИН","КОНСТРУКТОР 'ГОРОД МАСТЕРОВ' КОСМИЧЕСКИЙ ВОИН, 'ЛЕГКО СОБРАТЬ'",1,visible,1,1,118,5,15,10,1,http://img.simba-trade.ru/site1/233687_c.jpg,"Машинки","",пол,"Для девочек, Для мальчиков"
244791,simple,"КОНСТРУКТОР","КОНСТРУКТОР 'ГОРОД МАСТЕРОВ' МАШИНКА С ПУСКОВЫМ УСТРОЙСТВОМ 'ЛЕГКО СОБРАТЬ' В КОР",1,visible,1,1,218,4,19,14,1,http://img.simba-trade.ru/site1/244791_c.jpg,"Машинки","",пол,"Для мальчиков"
246494,simple,"КОНСТРУКТОР 'ГОРОД МАСТЕРОВ' 2-В-1 РОБОТ+САМОЛЕТ","КОНСТРУКТОР 'ГОРОД МАСТЕРОВ' 2-В-1 РОБОТ+САМОЛЕТ, С ФИГУРКОЙ",1,visible,1,1,321,5,25,16,1,http://img.simba-trade.ru/site1/246494_c.jpg,"Роботы","",пол,"Для мальчиков"
211630,simple,"КОНСТРУКТОР 'ГОРОД МАСТЕРОВ' КРАН 'ЛЕГКО СЛОЖИТЬ'","КОНСТРУКТОР 'ГОРОД МАСТЕРОВ' КРАН 'ЛЕГКО СЛОЖИТЬ', 51ДЕТ.",1,visible,1,1,89,5,10,15,1,http://img.simba-trade.ru/site1/211630_c.jpg,"Машинки","",пол,"Для девочек, Для мальчиков"
228914,simple,"ЖЕЛЕЗНАЯ ДОРОГА С ДЫМОМ, ДЛИН","ЖЕЛЕЗНАЯ ДОРОГА С ДЫМОМ, ДЛИНА 282СМ 0614",1,visible,1,2,829,7,38,26,1,http://img.simba-trade.ru/site1/228914_c.jpg,"Железные дороги","На батарейках, Со светом, Со звуком",пол,"Для мальчиков"
196999,simple,"ЖЕЛЕЗНАЯ","ЖЕЛЕЗНАЯ ДОРОГА 'ИГРАЕМ ВМЕСТЕ' 'ЧЕБУРАШКА И ЕГО ДРУЗЬЯ'",1,visible,1,2,281,4,30,19,1,http://img.simba-trade.ru/site1/196999_c.jpg,"Железные дороги","На батарейках",пол,"Для мальчиков"
197683,simple,"МАШИНА","МАШИНА 'ТЕХНОПАРК' МЕТАЛЛ. ПОЖАРНАЯ 1:40",1,visible,1,1,1056,9,33,18,1,http://img.simba-trade.ru/site1/197683_c.jpg,"Машинки","",пол,"Для мальчиков"
229411,simple,"КВАДРОКОПТЕР, С USB ЗАРЯДК","КВАДРОКОПТЕР, С USB ЗАРЯДКОЙ",1,visible,1,1,2576,8,13,13,1,http://img.simba-trade.ru/site1/229411_c.jpg,"Вертолеты, квадрокоптеры","Радиоуправляемые, Со светом",пол,"Для мальчиков"
227189,simple,"БЛАСТЕР","БЛАСТЕР 'ИГРАЕМ ВМЕСТЕ' 'МСТИТЕЛИ'  9988 НА БЛИСТЕРЕ 20*3*12СМ",1,visible,1,1,196,3,18,28,1,http://img.simba-trade.ru/site1/227189_c.jpg,"Оружие","На батарейках, Со светом, Со звуком",пол,"Для мальчиков"
246267,simple,"КОНСТРУКТОР ПЛАСТ. С КЛЮЧОМ КВАДРОЦИКЛ","КОНСТРУКТОР ПЛАСТ. С КЛЮЧОМ КВАДРОЦИКЛ",1,visible,1,1,189,9,20,13,1,http://img.simba-trade.ru/site1/246267_c.jpg,"Машинки","",пол,"Для девочек, Для мальчиков"
197766,simple,"СИНТЕЗАТОР С МИКРОФОНОМ, С РАДИ","СИНТЕЗАТОР С МИКРОФОНОМ, С РАДИО MQ014FM",1,visible,1,1,825,11,34,4,1,http://img.simba-trade.ru/site1/197766_c.jpg,"Муз. инструменты","На батарейках",пол,"Для девочек, Для мальчиков"
210850,simple,"НАСТОЛЬНАЯ ИГРА 'ИГРАЕМ ВМЕСТЕ' 'БОМБАРДИР'","НАСТОЛЬНАЯ ИГРА 'ИГРАЕМ ВМЕСТЕ' 'БОМБАРДИР'",1,visible,1,1,684,5,42,28,1,http://img.simba-trade.ru/site1/210850_c.jpg,"Настольные игры","",пол,"Для девочек, Для мальчиков"
226835,simple,"МЕТАЛЛОФОН","МЕТАЛЛОФОН 'УМКА' ДИСНЕЙ. ПРИНЦЕССА НА КАРТ. (РУСС. УП.)",1,visible,1,1,221,3,38,25,1,http://img.simba-trade.ru/site1/226835_c.jpg,"Другое","",пол,""
246266,simple,"АВТОМАТ","АВТОМАТ  В ПАК. 52*4*18СМ",1,visible,1,1,261,4,23,45,1,http://img.simba-trade.ru/site1/246266_c.jpg,"Оружие","На батарейках, Со светом, Со звуком",пол,"Для мальчиков"
212850,simple,"ПИСТОЛЕТ ПНЕВМ. С ЛАЗЕР. ПРИЦЕЛОМ","ПИСТОЛЕТ ПНЕВМ. С ЛАЗЕР. ПРИЦЕЛОМ, С ПУЛЬКАМИ, С АКСЕСС. 309A В ПАК.",1,visible,1,1,813,36,4,21,1,http://img.simba-trade.ru/site1/212850_c.jpg,"Оружие","",пол,"Для мальчиков"
155523,simple,"МАШИНА'MERCEDES-BENZ ML500' 1:16","МАШИНА'MERCEDES-BENZ ML500' 1:16",1,visible,1,1,3388,25,40,20,1,http://img.simba-trade.ru/site1/155523_c.jpg,"Машинки","Радиоуправляемые, На аккумуляторах, Со светом",пол,"Для мальчиков"
223962,simple,"ИГРА","ИГРА НАСТОЛЬНАЯ БИЛЬЯРД В ПАК. 30*21*7СМ",1,visible,1,1,221,2,25,35,1,http://img.simba-trade.ru/site1/223962_c.jpg,"Настольные игры","",пол,"Для девочек, Для мальчиков"
231222,simple,"ОБУЧАЮЩИЕ ЧАСЫ 'УМКА' DISNEY.СОФИЯ","ОБУЧАЮЩИЕ ЧАСЫ 'УМКА' DISNEY.СОФИЯ, ОЗВУЧ. НА КАРТ. (РУСС. УП.)",1,visible,1,1,198,3,27,12,1,http://img.simba-trade.ru/site1/231222_c.jpg,"Другое","",пол,"Для девочек, Для мальчиков"
235860,simple,"КУКЛА С НАБОРОМ ОДЕЖДЫ","КУКЛА С НАБОРОМ ОДЕЖДЫ",1,visible,1,1,87,4,14,11,1,http://img.simba-trade.ru/site1/235860_c.jpg,"Куклы","",пол,"Для девочек"
242813,simple,"КУКЛА 'КАРАПУЗ' 25СМ","КУКЛА 'КАРАПУЗ' 25СМ, ОЗВУЧ., РУССИФИЦ., С НАБОРОМ ОДЕЖДЫ, СЕРКОФТА",1,visible,1,1,761,8,27,19,1,http://img.simba-trade.ru/site1/242813_c.jpg,"Куклы","",пол,"Для девочек"
241379,simple,"ИГРОВОЙ НАБОР (СВЕТОФОР + ДОРОЖНЫЕ ЗНАКИ)  7325 НА КАРТ. 25,5*26,5*5","ИГРОВОЙ НАБОР (СВЕТОФОР + ДОРОЖНЫЕ ЗНАКИ)  7325 НА КАРТ. 25,5*26,5*5СМ",1,visible,1,1,292,5,24,25,1,http://img.simba-trade.ru/site1/241379_c.jpg,"Другое","Со светом, Со звуком",пол,""
192637,simple,"ШПИОНСКИЙ","ШПИОНСКИЙ НАБОР 'ИГРАЕМ ВМЕСТЕ' 'СУПЕРАГЕНТ' ЧАСЫ НА КАРТ. (РУСС. УП.)",1,visible,1,1,169,3,15,22,1,http://img.simba-trade.ru/site1/192637_c.jpg,"Другое","На батарейках",пол,"Для мальчиков"
243322,simple,"КУКЛА 'КАРАПУЗ' МАША 25СМ (М/Ф МАША И МЕДВЕДЬ) ОЗВУЧ.","КУКЛА 'КАРАПУЗ' МАША 25СМ (М/Ф МАША И МЕДВЕДЬ) ОЗВУЧ., В ЗИМНЕЙ ОДЕЖДЕ",1,visible,1,1,1060,11,17,29,1,http://img.simba-trade.ru/site1/243322_c.jpg,"Куклы","",пол,"Для девочек"
246130,simple,"КАССОВЫЙ АППАРАТ, С ПРОДУКТАМИ 55","КАССОВЫЙ АППАРАТ, С ПРОДУКТАМИ 5510",1,visible,1,1,875,16,37,17,1,http://img.simba-trade.ru/site1/246130_c.jpg,"Другое","На батарейках, Со светом, Со звуком",пол,"Для девочек"
246056,simple,"КУКЛА 29СМ С ПЛАТЬЕМ","КУКЛА 29СМ С ПЛАТЬЕМ",1,visible,1,1,211,34,4,13,1,http://img.simba-trade.ru/site1/246056_c.jpg,"Куклы","",пол,"Для девочек"
209483,simple,"КУКЛА","КУКЛА 'КАРАПУЗ' DISNEY FROZEN. ЭЛЬЗА 35СМ РУССИФИЦ. СВЕТИТСЯ АМУЛЕТ И ПЛАТЬЕ",1,visible,1,1,2067,12,23,38,1,http://img.simba-trade.ru/site1/209483_c.jpg,"Куклы","",пол,"Для девочек"
246087,simple,"ИГРА ЭЛЕКТРОННАЯ ОЗВУЧ.","ИГРА ЭЛЕКТРОННАЯ ОЗВУЧ.",1,visible,1,1,134,19,8,3,1,http://img.simba-trade.ru/site1/246087_c.jpg,"Другое","На батарейках",пол,"Для девочек, Для мальчиков"
214037,simple,"НАБОР","НАБОР ПОЛИЦИЯ (ПИСТОЛЕТ С ПРИСОСКАМИ+МИШЕНЬ+НАРУЧНИКИ+РАЦИЯ) 168Q-11 НА КАРТ 28*21*3СМ",1,visible,1,1,96,3,28,21,1,http://img.simba-trade.ru/site1/214037_c.jpg,"Оружие","",пол,"Для мальчиков"
223906,simple,"НАБОР","НАБОР ДОКТОР 777-24 В ПАК. 13*17*3СМ",1,visible,1,1,120,5,19,26,1,http://img.simba-trade.ru/site1/223906_c.jpg,"Другое","",пол,"Для девочек"
243687,simple,"МАШИНА 'ТЕХНОПАРК' МЕТАЛЛ. ИНЕРЦ. FORD FOCUS ПОЛИЦИЯ 12СМ","МАШИНА 'ТЕХНОПАРК' МЕТАЛЛ. ИНЕРЦ. FORD FOCUS ПОЛИЦИЯ 12СМ, ОТКРЫВ. ДВЕРИ",1,visible,1,1,260,6,17,12,1,http://img.simba-trade.ru/site1/243687_c.jpg,"Машинки","",пол,"Для мальчиков"
169093,simple,"'МАТТЕЛ'.","'МАТТЕЛ'. НАСТОЛЬНАЯ ИГРА ANGRY BIRDS",1,visible,1,1,2218,5,27,20,1,http://img.simba-trade.ru/site1/169093_c.jpg,"Настольные игры","",пол,"Для девочек, Для мальчиков"
245650,simple,"НАБОР Д/ПУПСА 'КАРАПУЗ' 5 ПРЕДМ. ПОГРЕМУШКА","НАБОР Д/ПУПСА 'КАРАПУЗ' 5 ПРЕДМ. ПОГРЕМУШКА, ПОИЛЬНИК, ТАРЕЛКА, ЛОЖКА, СОСКА НА БЛИСТЕР",1,visible,1,1,158,6,18,23,1,http://img.simba-trade.ru/site1/245650_c.jpg,"Куклы","",пол,"Для девочек"
188188,simple,"МАШИНА 'TOYSTATE' ИЗ К/Ф О ДЖЕЙМСЕ БОНДЕ","МАШИНА 'TOYSTATE' ИЗ К/Ф О ДЖЕЙМСЕ БОНДЕ",1,visible,1,1,1545,9,7,19,1,http://img.simba-trade.ru/site1/188188_c.jpg,"Машинки","Радиоуправляемые",пол,"Для мальчиков"
229205,simple,"ЛУК","ЛУК СО СТРЕЛАМИ НА ПРИСОСКАХ В ПАК. 43СМ",1,visible,1,1,90,3,14,47,1,http://img.simba-trade.ru/site1/229205_c.jpg,"Оружие","",пол,"Для мальчиков"
245858,simple,"КУКЛА-РУСАЛКА 29СМ","КУКЛА-РУСАЛКА 29СМ",1,visible,1,1,223,5,16,33,1,http://img.simba-trade.ru/site1/245858_c.jpg,"Куклы","Со светом",пол,"Для девочек"
246177,simple,"ПУПС С АКСЕСС.","ПУПС С АКСЕСС.",1,visible,1,1,1281,14,29,33,1,http://img.simba-trade.ru/site1/246177_c.jpg,"Куклы","",пол,"Для девочек"
246187,simple,"МАШИНА","МАШИНА",1,visible,1,1,1069,14,28,12,1,http://img.simba-trade.ru/site1/246187_c.jpg,"Машинки","Радиоуправляемые, Со светом",пол,"Для мальчиков"
246188,simple,"МАШИНА","МАШИНА",1,visible,1,1,2733,20,51,18,1,http://img.simba-trade.ru/site1/246188_c.jpg,"Машинки","Радиоуправляемые, На аккумуляторах, Со светом",пол,"Для мальчиков"
231784,simple,"ОБУЧАЮЩИЕ ЧАСЫ 'УМКА' DISNEY. ТАЧКИ","ОБУЧАЮЩИЕ ЧАСЫ 'УМКА' DISNEY. ТАЧКИ, ОЗВУЧ. НА КАРТ. (РУСС. УП.)",1,visible,1,1,191,3,27,12,1,http://img.simba-trade.ru/site1/231784_c.jpg,"Другое","",пол,"Для девочек, Для мальчиков"
245272,simple,"МАШИНА","МАШИНА",1,visible,1,1,465,11,26,11,1,http://img.simba-trade.ru/site1/245272_c.jpg,"Машинки","Радиоуправляемые, Со светом",пол,"Для мальчиков"
198390,simple,"ЛЕТАЮЩАЯ ТАРЕЛКА 23СМ PLANES DISNEY","ЛЕТАЮЩАЯ ТАРЕЛКА 23СМ PLANES DISNEY",1,visible,1,1,152,2,24,26,1,http://img.simba-trade.ru/site1/198390_c.jpg,"Другое","",пол,""
218535,simple,"РАЗВИВАЮЩИЙ","РАЗВИВАЮЩИЙ КОВРИК 'УМКА' А.БАРТО",1,visible,1,1,646,4,35,27,1,http://img.simba-trade.ru/site1/218535_c.jpg,"Другое","",пол,"Для девочек, Для мальчиков"
233329,simple,"МАШИНА, С АКСЕСС. BT807-11","МАШИНА, С АКСЕСС. BT807-11",1,visible,1,1,2274,21,45,26,1,http://img.simba-trade.ru/site1/233329_c.jpg,"Машинки","Радиоуправляемые, На аккумуляторах, Со светом",пол,"Для мальчиков"
246183,simple,"МАШИНА АККУМ.","МАШИНА АККУМ.",1,visible,1,1,1022,12,36,15,1,http://img.simba-trade.ru/site1/246183_c.jpg,"Машинки","Радиоуправляемые, Со светом",пол,"Для мальчиков"
208881,simple,"ВЕРТОЛЕТ 'ИГРАЕМ ВМЕСТЕ' С УСТРОЙСТВОМ ЗАПУСКА 'МСТИТЕЛИ' НА БЛИСТЕРЕ 34*28","ВЕРТОЛЕТ 'ИГРАЕМ ВМЕСТЕ' С УСТРОЙСТВОМ ЗАПУСКА 'МСТИТЕЛИ' НА БЛИСТЕРЕ 34*28,5СМ",1,visible,1,1,254,7,34,29,1,http://img.simba-trade.ru/site1/208881_c.jpg,"Вертолеты","",пол,"Для мальчиков"
210517,simple,"ГАРАЖ-ПАРКИНГ 'ТЕХНОПАРК' 'ПОЛИЦЕЙСКИЙ УЧАСТОК' С МЕТАЛЛ. МАШИНКОЙ 7","ГАРАЖ-ПАРКИНГ 'ТЕХНОПАРК' 'ПОЛИЦЕЙСКИЙ УЧАСТОК' С МЕТАЛЛ. МАШИНКОЙ 7,5СМ",1,visible,1,1,753,8,34,23,1,http://img.simba-trade.ru/site1/210517_c.jpg,"Машинки","",пол,"Для мальчиков"
246186,simple,"МАШИНА","МАШИНА",1,visible,1,1,292,11,19,7,1,http://img.simba-trade.ru/site1/246186_c.jpg,"Машинки","Радиоуправляемые",пол,"Для мальчиков"
210519,simple,"ПАРКОВКА 'ТЕХНОПАРК' СО СПУСКОМ","ПАРКОВКА 'ТЕХНОПАРК' СО СПУСКОМ, 2 МЕТАЛЛ. МАШИНАМИ И ВЕРТОЛЕТОМ 7,5СМ",1,visible,1,1,1171,8,31,26,1,http://img.simba-trade.ru/site1/210519_c.jpg,"Машинки","",пол,"Для мальчиков"
230703,simple,"КОНСТРУКТОР МАШИНА С ФИГУРКОЙ 10001","КОНСТРУКТОР МАШИНА С ФИГУРКОЙ 10001",1,visible,1,1,78,7,9,5,1,http://img.simba-trade.ru/site1/230703_c.jpg,"Машинки","",пол,"Для мальчиков"
218910,simple,"КАССОВЫЙ АППАРАТ, С ПРОДУКТАМИ 52","КАССОВЫЙ АППАРАТ, С ПРОДУКТАМИ 5200",1,visible,1,1,1151,18,34,17,1,http://img.simba-trade.ru/site1/218910_c.jpg,"Другое","На батарейках, Со светом, Со звуком",пол,"Для девочек"
197706,simple,"ТРУБА","ТРУБА 'ИГРАЕМ ВМЕСТЕ' 'МАША И МЕДВЕДЬ'",1,visible,1,1,123,9,20,38,1,http://img.simba-trade.ru/site1/197706_c.jpg,"Муз. инструменты","",пол,"Для девочек, Для мальчиков"
246020,simple,"МАШИНА","МАШИНА",1,visible,1,1,1042,14,29,12,1,http://img.simba-trade.ru/site1/246020_c.jpg,"Машинки","Радиоуправляемые, Со светом",пол,"Для мальчиков"
242322,simple,"РОБОТ, ХОДИТ KD-8803A","РОБОТ, ХОДИТ KD-8803A",1,visible,1,1,842,11,28,20,1,http://img.simba-trade.ru/site1/242322_c.jpg,"Роботы","На батарейках, Со светом, Со звуком, Ходит",пол,"Для мальчиков"
222701,simple,"ПУПС 'КАРАПУЗ' 35СМ","ПУПС 'КАРАПУЗ' 35СМ, 3 ФУНКЦИИ, ПЬЕТ И ПИСАЕТ, ЗАКРЫВ. ГЛАЗКИ, С АКСЕСС.",1,visible,1,1,1283,16,36,30,1,http://img.simba-trade.ru/site1/222701_c.jpg,"Куклы","",пол,"Для девочек"
245649,simple,"МАШИНА, USB З/У","МАШИНА, USB З/У",1,visible,1,2,762,14,33,11,1,http://img.simba-trade.ru/site1/245649_c.jpg,"Машинки","Радиоуправляемые, На аккумуляторах, Со светом",пол,"Для мальчиков"
246021,simple,"РОБОТ-МАШИНА","РОБОТ-МАШИНА 2341",1,visible,1,1,339,10,24,15,1,http://img.simba-trade.ru/site1/246021_c.jpg,"Машинки","",пол,"Для мальчиков"
246028,simple,"МАШИНА 6255","МАШИНА 6255",1,visible,1,1,2087,19,32,23,1,http://img.simba-trade.ru/site1/246028_c.jpg,"Машинки","Радиоуправляемые, На аккумуляторах",пол,"Для мальчиков"
246029,simple,"ЖЕЛЕЗНАЯ ДОРОГА С ДЫМОМ, С АК","ЖЕЛЕЗНАЯ ДОРОГА С ДЫМОМ, С АКСЕСС. 3055",1,visible,1,1,2065,10,69,41,1,http://img.simba-trade.ru/site1/246029_c.jpg,"Железные дороги","На батарейках, Со светом, Со звуком",пол,"Для мальчиков"
197347,simple,"ИГРА НАСТОЛЬНАЯ 'ИГРАЕМ ВМЕСТЕ' ПИНБОЛ","ИГРА НАСТОЛЬНАЯ 'ИГРАЕМ ВМЕСТЕ' ПИНБОЛ",1,visible,1,1,461,6,34,21,1,http://img.simba-trade.ru/site1/197347_c.jpg,"Настольные игры","",пол,"Для девочек, Для мальчиков"
222580,simple,"ИГРА","ИГРА НАСТОЛЬНАЯ 11-В-1 (ФУТБОЛ+БИЛЬЯРД+ДР.)",1,visible,1,1,1153,37,50,7,1,http://img.simba-trade.ru/site1/222580_c.jpg,"Настольные игры","",пол,"Для мальчиков"
211568,simple,"ТРАКТОР","ТРАКТОР 'ТЕХНОПАРК' МЕТАЛЛ. 7СМ НА БЛИСТЕРЕ (РУСС. УП.)",1,visible,1,1,123,5,14,15,1,http://img.simba-trade.ru/site1/211568_c.jpg,"Машинки","",пол,"Для мальчиков"
180449,simple,"MATTEL.","MATTEL. PLANES DISNEY ИГРОВОЙ НАБОР С АНГАРОМ",1,visible,1,1,1142,7,26,26,1,http://img.simba-trade.ru/site1/180449_c.jpg,"Другое","",пол,""
211099,simple,"МАШИНА 'TOYSTATE' ИЗ К/Ф О ДЖЕЙМСЕ БОНДЕ, ","МАШИНА 'TOYSTATE' ИЗ К/Ф О ДЖЕЙМСЕ БОНДЕ, ",1,visible,1,1,1035,11,9,19,1,http://img.simba-trade.ru/site1/211099_c.jpg,"Машинки","На батарейках, Со светом, Со звуком",пол,"Для мальчиков"
229170,simple,"РОБОТ, ХОДИТ, В АКСЕСС","РОБОТ, ХОДИТ, В АКСЕСС.",1,visible,1,2,1147,28,18,11,1,http://img.simba-trade.ru/site1/229170_c.jpg,"Роботы","На батарейках, Со светом, Со звуком, Ходит",пол,"Для мальчиков"
207145,simple,"ВАГОН МЕТРО 'ТЕХНОПАР","ВАГОН МЕТРО 'ТЕХНОПАР",1,visible,1,1,1140,10,34,12,1,http://img.simba-trade.ru/site1/207145_c.jpg,"Другое","Со светом, Со звуком",пол,""
227539,simple,"НАБОР СТРОИТ. ИНСТРУМЕНТОВ","НАБОР СТРОИТ. ИНСТРУМЕНТОВ",1,visible,1,1,675,14,28,20,1,http://img.simba-trade.ru/site1/227539_c.jpg,"Другое","",пол,""
210509,simple,"ПАРКОВКА 'ТЕХНОПАРК' 3 УРОВНЯ","ПАРКОВКА 'ТЕХНОПАРК' 3 УРОВНЯ, ЛИФТ, ПОДЪЕМНИК И 2 МЕТАЛЛ. МАШИНЫ 7,5СМ",1,visible,1,1,1222,8,36,28,1,http://img.simba-trade.ru/site1/210509_c.jpg,"Машинки","",пол,"Для мальчиков"
188258,simple,"ОБУЧАЮЩИЙ ПЛАНШЕТ 'УМКА' 'МАША И МЕДВЕДЬ' РУССКО-АНГЛИЙСКИЙ, 80 ПРО","ОБУЧАЮЩИЙ ПЛАНШЕТ 'УМКА' 'МАША И МЕДВЕДЬ' РУССКО-АНГЛИЙСКИЙ, 80 ПРОГРАММ",1,visible,1,1,2122,4,25,33,1,http://img.simba-trade.ru/site1/188258_c.jpg,"Другое","На батарейках",пол,"Для девочек, Для мальчиков"
188463,simple,"ОБУЧАЮЩИЙ КОМПЬЮТЕР 'УМКА' 'WINX' РУССКО-АНГЛИЙСКИЙ, 176 ПР","ОБУЧАЮЩИЙ КОМПЬЮТЕР 'УМКА' 'WINX' РУССКО-АНГЛИЙСКИЙ, 176 ПРОГРАММ",1,visible,1,1,3940,6,30,39,1,http://img.simba-trade.ru/site1/188463_c.jpg,"Другое","На батарейках",пол,"Для девочек, Для мальчиков"
229135,simple,"ЖЕЛЕЗНАЯ ДОРОГА 'ИГРАЕМ ВМЕСТЕ', С ВОЕННОЙ ТЕХНИ","ЖЕЛЕЗНАЯ ДОРОГА 'ИГРАЕМ ВМЕСТЕ', С ВОЕННОЙ ТЕХНИКОЙ",1,visible,1,1,947,6,47,31,1,http://img.simba-trade.ru/site1/229135_c.jpg,"Железные дороги","На батарейках, Со светом, Со звуком",пол,"Для мальчиков"
197086,simple,"ИГРОВОЙ","ИГРОВОЙ НАБОР 'WINNER' КОНСТРУКТОР ПЛАСТ СПОРТ. МАШИНА+АКСЕСС",1,visible,1,1,2258,12,40,21,1,http://img.simba-trade.ru/site1/197086_c.jpg,"Машинки","На батарейках",пол,"Для мальчиков"
183410,simple,"НАБОР","НАБОР МУЗ. ИНСТРУМЕНТОВ 'ИГРАЕМ ВМЕСТЕ' DISNEY 'ТАЧКИ' 10 ПРЕДМ. 8888-1",1,visible,1,1,1574,12,43,34,1,http://img.simba-trade.ru/site1/183410_c.jpg,"Другое","",пол,"Для девочек, Для мальчиков"
229853,simple,"КУКЛА 29СМ МАЛЬЧИК С АКСЕСС.","КУКЛА 29СМ МАЛЬЧИК С АКСЕСС., ОДЕЖДА",1,visible,1,1,231,4,13,40,1,http://img.simba-trade.ru/site1/229853_c.jpg,"Куклы","",пол,"Для девочек"
225584,simple,"КУКЛА 29СМ Z882B","КУКЛА 29СМ Z882B",1,visible,1,2,378,5,33,13,1,http://img.simba-trade.ru/site1/225584_c.jpg,"Куклы","",пол,"Для девочек"
173039,simple,"СТРОИТЕЛЬНАЯ","СТРОИТЕЛЬНАЯ ПЛОЩАДКА 'ТЕХНОПАРК' С МАШИНОЙ И ПУСКОВОЙ УСТАНОВКОЙ",1,visible,1,1,810,22,17,7,1,http://img.simba-trade.ru/site1/173039_c.jpg,"Машинки","",пол,"Для мальчиков"
216437,simple,"НАБОР","НАБОР 'ТЕСТО ДЛЯ ЛЕПКИ' 'MULTIART' 'МАША И МЕДВЕДЬ' (12 ЦВ. 240ГР.+ ФОРМОЧКИ)",1,visible,1,1,113,11,14,11,1,http://img.simba-trade.ru/site1/216437_c.jpg,"Другое","",пол,""
211542,simple,"ЛУК 'ИГРАЕМ ВМЕСТЕ' 'ТРИ БОГАТЫРЯ'","ЛУК 'ИГРАЕМ ВМЕСТЕ' 'ТРИ БОГАТЫРЯ', СО СТРЕЛАМИ НА ПРИСОСКАХ НА КАРТ. 68*20СМ",1,visible,1,1,234,5,73,20,1,http://img.simba-trade.ru/site1/211542_c.jpg,"Оружие","",пол,"Для девочек, Для мальчиков"
208501,simple,"ИНТЕРАКТИВНЫЙ ПОНИ 'MY FRIENDS' 'БАРТИ' 17СМ МУЗ., 5 ФУНК","ИНТЕРАКТИВНЫЙ ПОНИ 'MY FRIENDS' 'БАРТИ' 17СМ МУЗ., 5 ФУНКЦИЙ,  ХОДИТ",1,visible,1,1,672,12,20,18,1,http://img.simba-trade.ru/site1/208501_c.jpg,"Животные","На батарейках, Ходит",пол,"Для девочек"
244975,simple,"ВЕРТОЛЕТ С ПУСКОВЫМ МЕХАНИЗМОМ 767 НА КАРТ. 27","ВЕРТОЛЕТ С ПУСКОВЫМ МЕХАНИЗМОМ 767 НА КАРТ. 27,5*21*3СМ",1,visible,1,1,152,3,28,21,1,http://img.simba-trade.ru/site1/244975_c.jpg,"Вертолеты","",пол,"Для мальчиков"
235993,simple,"ТАНК ","ТАНК ",1,visible,1,1,1568,19,37,15,1,http://img.simba-trade.ru/site1/235993_c.jpg,"Танки","Радиоуправляемые, На аккумуляторах, Со светом, Со звуком",пол,"Для мальчиков"
229156,simple,"МАШИНА-ПЕРЕВЕРТЫШ","МАШИНА-ПЕРЕВЕРТЫШ V-126",1,visible,1,1,116,8,11,10,1,http://img.simba-trade.ru/site1/229156_c.jpg,"Машинки","На батарейках",пол,"Для мальчиков"
234107,simple,"НАБОР","НАБОР 'КУХНЯ LAURA' С ВАРОЧНОЙ ПАНЕЛЬЮ (В ПАКЕТЕ)",1,visible,1,1,6980,75,61,34,1,http://img.simba-trade.ru/site1/234107_c.jpg,"Другое","",пол,"Для девочек"
206807,simple,"НАБОР","НАБОР Д/ТВОРЧЕСТВА 'MULTIART' 'ЦАРАПКИ С СЮРПРИЗОМ' СОФИЯ ПРЕКРАСНАЯ DISNEY В ПАК УП-24Ш",1,visible,1,4,71,22,12,14,1,http://img.simba-trade.ru/site1/206807_c.jpg,"Другое","",пол,""
233719,simple,"ПАКЕТ ПОДАРОЧНЫЙ 'ВЕСЕЛЫЙ ПРАЗДНИК' ГОЛОГРАФИЧЕСКИЙ 26Х32Х14СМ","ПАКЕТ ПОДАРОЧНЫЙ 'ВЕСЕЛЫЙ ПРАЗДНИК' ГОЛОГРАФИЧЕСКИЙ 26Х32Х14СМ, БУМ., ГЛЯНЦЕВЫЙ УП-24ШТ",1,visible,1,3,51,14,26,32,1,http://img.simba-trade.ru/site1/233719_c.jpg,"Другое","",пол,""
